id,name,portrait,role,notes
cousin,Your cousin,cousin,assistant,The practical assistant. Every era has a cousin. It's never the same cousin.
elder,The elder,elder,patron,The Stone Age patron. Useful things should include him.
neighbours,The neighbours,neighbours,rival,Across the river. They were about to invent it too.
naysayer,The Naysayer,naysayer,skeptic,It'll never catch on. Right exactly once in the whole game.
mother,Your mother,mother,family,"Every era, same question: are you eating?"
animal,The goose,animal,story,Never explained.
advisor,A stranger,advisor,stranger,Clearly from the future. Saved for the time machine.
kid,A kid,kid,story,
shaman,The shaman,shaman,story,
farmer,A farmer,farmer,story,Farming era
priest,A priest,priest,story,Farming era
ox,An ox,ox,story,Farming era
mammoths,The mammoths,mammoths,story,
tutorial-guy,A guy with a rock,tutorial-guy,story,From the first draft. Waiting for a comeback.
narrator,The curator,narrator,curator,"The framing voice. Dry, concise, capable of affection."
