id,scope,default,notes
lined,life,,"The basket was lined with clay, so the fired pot keeps its weave"
taught,timeline,,Pottery was taught to everyone
guarded,timeline,,Pottery stayed in one workshop
lid-habit,timeline,,"Everyone seals food under tight lids, damp or not"
drying-habit,timeline,,Everyone dries grain before storing it
trusted,life,,People trust preserved food
doubted,life,,People doubt preserved food
elder-watch,life,,"Experiments happen in the storehouse, under the elder"
elder-snub,life,,You worked out of the elder's reach
fat-seal,life,,
buried-jar,life,,A swollen jar was buried (the goose will find it)
opened-jar,life,,You opened the swollen jar yourself
salt-trade,timeline,,The coast trades salt for pots (later: trade)
net,timeline,,A net of twisted grass (later: rope)
counted,timeline,,The elder counts the stores on a rock (later: ledgers)
travelled,life,,
pickles,timeline,,A stranger's recipe for pickles (later: fermentation)
mother-soup,life,,
