id,kind,project,text,conditions,weight,notes
vessel-kiln,danger,vessel,You checked on the kiln from the inside.,,,
vessel-old,natural,vessel,"You lived to a great age, which in this era was thirty-one. They buried you with a pot, in case you got thirsty.",,,
vessel-old-lid,natural,vessel,"You died at a great age, still arguing about lids.",lid-habit,2,
vessel-old-guarded,natural,vessel,"You died rich in pots, which nobody else was allowed to make.",guarded,2,
prov-died-jar,danger,provisions,"The swollen jar went off while you were leaning over it, which was brave and brief.",,0,"Named by the sealing answers (prov-swollen, prov-cb-lid)"
prov-died-journey,danger,provisions,"The far side of the hills had bears. The bears had never tasted preserved food, or you.",,0,"Named by ""Go with them"" in prov-after-travel"
prov-died-smoke,danger,provisions,"You kept the smoking fire going for three days straight. On the fourth, it kept you.",,,
prov-died-taste,danger,provisions,You tasted one experiment too many. It tasted you back.,,,
prov-died-salt,danger,provisions,"You boiled the sea for another month, to be sure. The sea was fine. You were not.",,0,"Named by ""Boil seawater yourself"" in prov-salt"
prov-died-goose,danger,provisions,"The goose won the rematch. It still guards your jar, and now your grave.",,0,"Named by ""Negotiate with the goose"" in prov-goose"
prov-died-share,danger,provisions,"You were flattened in the rush for the last jar. The neighbours sent flowers, and a bag.",,0,"Named by ""Share the stores"" in prov-after-share"
prov-died-count,danger,provisions,You were counting the top shelf when the top shelf came down to be counted.,,0,"Named by ""Count them yourself"" in prov-after-count"
prov-died-winter,danger,provisions,"You won your winter against the Naysayer, then challenged the next one on your own. It won.",,0,"Named by ""Challenge him to a winter"" in prov-after-naysayer"
prov-old,natural,provisions,"You lived a long life and never once went hungry, which in your family was a first.",made preservation,,
prov-old-failed,natural,provisions,"You lived a long life, eating everything the day you got it. Your funeral feast was eaten at a sprint.",made nothing,,A life that left a failed design: the food still rots
prov-old-stockpile,natural,provisions,"You died in winter, well fed, while the elder counted the jars at your funeral.",legacy preservation-stockpile,2,
prov-old-larder,natural,provisions,"You died at a great age, in your own house, beside a full larder. The neighbours got there first.",legacy preservation-larders,2,
