id,project,phase,speaker,shows,text,left,left preview,left result,left effects,right,right preview,right result,right effects,conditions,weight,weather,notes
prov-open-home,provisions,opening,mother,look rotting-pot; mark smell,"Every home has a pot now, thanks to {maker:pottery}. Your mother's pot has developed a smell that follows people around.",Find out what's rotting.,Start at the bottom,The top of the pot is fine. The bottom is a new colour.,next prov-wet,Find a pot that doesn't smell.,Ask around,The only pot that doesn't smell belongs to a woman who dries everything first.,next prov-roof,problem pottery-household,,,
prov-open-store,provisions,opening,elder,look rotting-store; mark smell; mark flies,"All the village's food now sits in {maker:pottery}'s great jar, rotting in perfect unison. The elder holds the key.",Inspect the storehouse.,Needs the elder's key,He opens it for you. The smell opens the rest of the village.,set elder-watch; next prov-wet,Ask what people eat at home.,Goes around the elder,"At home, people eat what they dried on their roofs. None of it smells.",set elder-snub; next prov-roof,problem pottery-communal,,,
prov-cb-lid,provisions,callback,cousin,,"Everyone uses the tight lids {maker:pottery} insisted on. The food inside is sealed perfectly, damp and all, which may be the problem.",Dry it before sealing it.,Two steps instead of one,"Dry first, seal second. The smell stops. Your mother claims she knew.",observe dried; unmark smell; unmark flies,Seal it tighter still.,Nothing gets out,"Nothing gets out, including the smell, until someone opens it.",observe sealed; danger +1; because pottery; next prov-swollen; death prov-died-jar,lid-habit; has pottery,,,
prov-cb-dry,provisions,callback,mother,,"Everyone still dries grain before storing it, because {maker:pottery} said so. Nobody remembers why. The dried grain keeps. The meat does not.",Dry the meat too.,It worked for grain,Strips of meat join the grain on the roofs. The birds are thrilled.,observe dried; look drying-rack; mark birds; unmark smell; unmark flies,Seal the meat in pots.,Try the other half,Meat in a sealed pot keeps a week longer before it rebels.,observe sealed; look sealed-jar; because pottery; unmark smell; unmark flies,drying-habit; has pottery,,,
prov-cb-taught,provisions,callback,cousin,,"Everyone learned to make pots from {maker:pottery}, and everyone makes them slightly differently. Some pots keep food noticeably longer than others.",Study the best pot.,Copy what works,The best pot has a lid that fits and a potter who's smug about it.,observe sealed; because pottery,Study the worst pot.,Learn from what doesn't,The worst pot is damp inside. So is everything in it.,observe dried,taught; has pottery,,,
prov-cb-guarded,provisions,callback,neighbours,,"{maker:pottery} kept pot-making in one workshop, so pots are rare and precious. People store food in anything else, and it rots in anything else.",Make more pots.,Break the old rule,You make pots for everyone. The old workshop sends a stern message.,observe sealed; because pottery; danger +1; death vessel-kiln,Make do without pots.,"Baskets, bark and sun","Without pots, you dry everything instead. It works better than it should.",observe dried,guarded; has pottery,,,
prov-cb-failed,provisions,callback,cousin,,{previous} tried this before you and left the village a monument to the attempt. Everyone has an opinion about what went wrong.,Start from what they got right.,Build on their notes,"Their notes say 'dry it' in several places, underlined twice.",observe dried,Do the opposite.,A clean slate,The opposite of what they did turns out to be sealing things. Noted.,observe sealed; because pottery,previous fragrant-larder | previous salt-mountain | previous bird-feeder | previous bucket-of-regret; has pottery,5,,"After a failed life, the problem remains and the next inventor hears about the attempt (spec 8.5)"
prov-wet,provisions,investigation,cousin,,"The food at the top of the pot is fine. The food at the bottom is sitting in its own juice, plotting something.",Hang it up to dry.,Get it out of the juice,"Strips of meat on a rack, drying in the wind. The birds are watching.",look drying-rack; unmark smell; unmark flies; mark birds,Pack it in salt.,If you can get salt,"You bury the meat in salt. It sweats, and it stops smelling.",look salt-pot; unmark smell; unmark flies; mark salt,,,,
prov-birds,provisions,investigation,naysayer,,The strips on the rack dried hard and dark. The birds think the rack was built for them. The Naysayer agrees with the birds.,"Dry it indoors, over smoke.",Birds hate smoke,Smoke keeps the birds off and the meat dark. It keeps you coughing.,observe dried; unmark birds; mark smoke; danger +1; death prov-died-smoke,Net the rack.,Twist grass into netting,A net of twisted grass. The birds sulk. The meat dries in peace.,observe dried; unmark birds; set net,look drying-rack,,birds,
prov-salt,provisions,investigation,neighbours,,"Salt works. Salt also comes from the coast, and the coast has noticed that you need it. The coast would like to discuss prices.",Trade pots for salt.,Pots are worth something,One pot buys a sack of salt. The coast now wants pots more than salt.,observe salted; because pottery; set salt-trade,Boil seawater yourself.,"A long, hot walk",A week of boiling and most of a forest. You come home with a handful.,observe salted; mark steam; danger +1; death prov-died-salt,mark salt; has pottery,,,
prov-seal,provisions,investigation,cousin,,Your cousin has been testing things without telling you. Food in a lidded pot rots slower. Food in a pot stuck shut with fat rots slowest.,Seal the pots with fat.,Uses good fat,"A fat seal, tied with cord. Nothing gets in. Nothing gets out.",observe sealed; look sealed-jar; because pottery; unmark smell; unmark flies; set fat-seal,Leave the lids loose.,Let it breathe,"Loose lids, fresh air. The food breathes, and so do the flies.",mark flies; next prov-loose,has pottery,,,
prov-loose,provisions,investigation,naysayer,,"The loose-lidded pots smell worse than ever. The flies have started a family. The Naysayer says air is natural, and so is this.",Seal them after all.,Admit the fat was right,"Fat and cord, lid by lid. The flies take it personally.",observe sealed; look sealed-jar; because pottery; unmark flies; unmark smell,Blame the flies.,Keep the lids loose,"You chase flies for a week. The flies win, on points.",danger +1; death prov-died-taste,has pottery; seen prov-seal,,,The second chance at sealing; refusing it can leave the project unviable
prov-swollen,provisions,investigation,cousin,look swollen-jar,"One of the sealed jars has swollen. It is making a noise, and the noise is getting more confident every hour.",Open it carefully.,Someone has to,It sighs. So does everyone within a hundred paces. The food inside was wet.,danger +2; set opened-jar; look sealed-jar; death prov-died-jar,Bury it and walk away.,Somebody else's problem,"You bury it deep. By lunchtime, the goose has found it.",set buried-jar; look sealed-jar,observed sealed,,,Sealing wet food fails; the follow-up teaches it
prov-roof,provisions,investigation,mother,,"Up on the roofs, food is drying in the sun: fish, fruit, one very flat goat. None of it smells. Your mother has done this for years.",Learn her method.,"Slow, sunny, smug","Thin slices, full sun, turned twice a day. Your mother is unbearable about it.",observe dried; look drying-rack; unmark smell; unmark flies,Speed it up with fire.,"Faster, smokier","The fire dries it in a day. It also dries the roof, briefly.",observe dried; look drying-rack; unmark smell; unmark flies; mark smoke; danger +1; death prov-died-smoke,,,,
prov-naysayer,provisions,investigation,naysayer,,"The Naysayer says food that doesn't rot isn't natural, and he won't eat it. He is saying this with his mouth full.",Eat it in front of him.,A public test,You eat last month's meat in front of everyone. It's fine. You're fine. Mostly.,danger +1; set trusted; death prov-died-taste,Let him keep his opinion.,Half the village agrees,He keeps his opinion. Half the village keeps it with him.,set doubted,observed dried | observed salted | observed sealed,,,
prov-elder,provisions,investigation,elder,,"The elder would like every experiment done inside the storehouse, where he can keep an eye on it, and a hand on the key.",Work in the storehouse.,Under his eye,"You work in the storehouse. The elder counts everything twice, out loud.",set elder-watch; set counted,Work in your own house.,Out of his reach,"You work at home. The elder takes it personally, and takes the key with him.",danger +1; set elder-snub; death prov-died-taste,problem pottery-communal,,,
prov-mother,provisions,investigation,mother,,"Your mother would like to know whether dried meat counts as eating, because you have been living on it for a month.",It counts.,Keep working,"She says it does not. She brings soup, in one of the good pots.",danger -1; set mother-soup,Test it on the family.,Everyone eats it,The whole family eats it for a week. Nobody dies. Your uncle asks for more.,set trusted,problem pottery-household; observed dried,,,
prov-goose,provisions,investigation,animal,,"The goose has dug up the jar you buried, and is standing on it. The jar is the goose's now. The goose would like that understood.",Negotiate with the goose.,Bring fish,"It takes the fish, keeps the jar and bites you. Word gets around: your food is worth fighting for.",danger +1; set trusted; death prov-died-goose,Let the goose keep it.,Some things are not worth it,Everyone calls it the goose's jar now. Nobody will eat from it.,set doubted,buried-jar; once,,strange,
prov-proof,provisions,proof,cousin,look sealed-jar; mark glint,"Last autumn's jar is opened in front of everyone. It smells like food. Only food. Someone starts crying, then someone else, then the elder.",Teach every family to fill their own.,A larder in every home,"Every family learns to dry, salt and seal. Every home gets a larder.",commit preservation; legacy preservation-larders; look larder,Fill the storehouse for winter.,"One stockpile, one key","The storehouse fills to the roof. The elder weeps again, differently.",commit preservation; legacy preservation-stockpile; look stockpile,,,,
prov-proof-salt,provisions,proof,neighbours,look salt-pot; mark glint,"The salted meat has kept all winter. It has also kept everyone thirsty. The coast would like more pots, and would like them now.",Share the method with everyone.,Every family salts its own,"Salt, seal, store. Every family keeps a larder, and a very large jug of water.",commit preservation; legacy preservation-larders; look larder,Keep the salt in the storehouse.,Salt under one roof,"The salt goes in the storehouse, and the storehouse gets a lock.",commit preservation; legacy preservation-stockpile; look stockpile,observed salted,2,,
prov-proof-fail,provisions,proof,elder,mark smell,"Winter is here. Your stores are, in a sense, food. The whole village has gathered to see what you've made, and to smell it.",Serve it anyway.,Someone has to try it,Someone tries it. Then nobody does.,danger +1; fail fragrant-larder; death prov-died-taste,Bury it and admit it.,"Honest, and hungry",You bury the stores with some ceremony. The goose attends.,fail bucket-of-regret,,,,Used when the project never became viable
prov-after-share,provisions,aftermath,neighbours,,"There's food for everyone through the winter. Some people are eating through everyone else's winter, and the neighbours have brought very large bags.",Lock the stores.,The food stays put,"Locked stores, one key. The elder offers to hold it. Of course he does.",legacy preservation-stockpile,Share the stores.,Keeps the peace,Everyone shares. The neighbours share with particular enthusiasm.,legacy preservation-larders; danger +1; death prov-died-share,made preservation; step < 2,,,
prov-after-count,provisions,aftermath,elder,,The elder has started counting the jars every morning. Nobody asked him to. This week he has also started counting people.,Let him count.,Someone has to,"He counts, and scratches the numbers on a rock. The rock becomes important.",set counted,Count them yourself.,Two sets of numbers,Your numbers and his never match. You are both very sure.,danger +1; set counted; death prov-died-count,made preservation; step < 2; legacy preservation-stockpile,,,
prov-after-travel,provisions,aftermath,cousin,,"Food that keeps means journeys that don't end in starving. Your cousin wants to see what's past the hills, and has packed for two.",Go with them.,See the far side,"The far side of the hills has hills of its own, and people who stare.",danger +2; set travelled; death prov-died-journey,Stay and fill the larders.,Winter comes regardless,Your cousin goes alone and comes back with a stranger's recipe for pickles.,set pickles,made preservation; step < 2,,,
prov-after-naysayer,provisions,aftermath,naysayer,,"The Naysayer has started a rival store of fresh food only, which is to say an empty shed with a sign on it.",Challenge him to a winter.,Whoever eats in spring wins,Spring comes. Your side eats. His side eats yours.,danger +1; set trusted; death prov-died-winter,Feed him anyway.,"He is still family, sort of","He accepts, with a speech about how he always liked it.",legacy preservation-larders,made preservation; doubted; step < 2,,,
prov-after-final,provisions,aftermath,elder,,"Your larders have become an institution. When winter runs long, someone must decide who is fed first. They want your final word.","""Every family keeps its own.""",Larders stay at home,"Every family keeps its own. For the first time, one family can have more than the next, and does.",legacy preservation-larders,"""Keep it together, keep it safe.""","One store, one keeper","The elder offers to keep it safe. He means it, in his way.",legacy preservation-stockpile,made preservation; step = 2,,,
